"year,""FI_median"",""IC_NE_median"",""NO_MI_median"",""NO_NO_median"",""NO_SE_median"",""NO_SW_median"",""RU_AK_median"",""RU_KB_median"",""RU_KW_median"",""RU_RP_median"",""SW_median"",""FI_q5"",""IC_NE_q5"",""NO_MI_q5"",""NO_NO_q5"",""NO_SE_q5"",""NO_SW_q5"",""RU_AK_q5"",""RU_KB_q5"",""RU_KW_q5"",""RU_RP_q5"",""SW_q5"",""FI_q95"",""IC_NE_q95"",""NO_MI_q95"",""NO_NO_q95"",""NO_SE_q95"",""NO_SW_q95"",""RU_AK_q95"",""RU_KB_q95"",""RU_KW_q95"",""RU_RP_q95"",""SW_q95"""
1971,-0.782704555768825,-0.579737307226955,0.0943702460078896,0.283711915552288,-0.0786525406845796,0.231376414582116,-1.15553926238508,-1.46536542171498,-0.889862717483596,-0.784058805904239,-0.393702751041149,-1.6679145554089,-1.46152234632212,-0.94649352575459,-0.763471805179258,-1.08481217789401,-0.768912209260004,-2.06063710158115,-2.17068149806449,-1.80772299713818,-1.72709159932888,-1.37888314613523,0.344347302084357,0.580014120359367,1.44229518603271,1.59729591171242,1.2650536174414,1.57121531064129,-0.0550090037493616,-0.647233972206064,0.199111895412251,0.509535905487248,0.901636482016638
1972,-0.883088964188023,-0.550237672541531,0.0786641373668719,0.181428821406364,-0.0736686639182568,0.193409189198322,-1.1628916921754,-0.932533614162008,-0.553241006233373,-1.08050100939729,-0.376986729152624,-1.76050121178425,-1.39520822082098,-0.95179160059746,-0.840848680103668,-1.0399178984312,-0.772419780599701,-2.03855045565962,-1.69710189266015,-1.43618606628402,-1.96021644891827,-1.40620075848844,0.20442971079057,0.53622083146288,1.40481973133908,1.46959446898139,1.21676359668417,1.48712054818428,-0.0656895904287397,-0.0124957940577723,0.679724357951016,0.0256869548748762,0.884636692890105
1973,-0.58045106157588,-0.357453394294402,0.0600719695555952,0.132324398901268,-0.116321431413743,0.209397178068993,-1.28851358258759,-1.00146928989153,-0.503461174295349,-1.00804759934563,-0.041850170462527,-1.49869360065048,-1.2444757223792,-1.00582079905565,-0.900852960486325,-1.10196786671736,-0.789692257599032,-2.12306061308495,-1.77623333687032,-1.44195365985903,-1.89602270184998,-1.11851494846269,0.655146160347734,0.814474585911439,1.3529598941136,1.41958407785446,1.18504060603325,1.49173252882775,-0.240361319152415,-0.112261392467944,0.632410739259412,0.116361319459281,1.37386414109738
1974,-1.21139461933643,-0.674945013348263,-0.0896665676112839,-0.0790240071492488,-0.340014607142393,-0.041628474484625,-1.66370843323688,-1.3066086002292,-0.59029690523248,-1.12119861309008,0.117316741212125,-1.96318784668104,-1.43331796306535,-1.05354038624334,-0.98552389709512,-1.1637607652145,-0.89647732375132,-2.44400102117126,-1.98496591406599,-1.47975241584175,-1.95454290841946,-0.796638456092931,-0.352095913058249,0.238731607059709,1.24818342783097,1.02818497065349,0.703890450220969,1.0953373362936,-0.765930790819397,-0.544566405680825,0.523920393079127,-0.0355895158582907,1.37123826390312
1975,-1.81781015487732,-0.923193620613519,-0.543040520637247,-0.39606431197546,-0.780140632064547,-0.459948320119187,-2.47961557803605,-2.04045623004225,-1.35558747222603,-2.23050880044023,-0.492244472538922,-2.43679181861687,-1.48875015312479,-1.16415228320269,-1.04288881805779,-1.34477930483029,-1.07757700659935,-3.07236467740202,-2.51051217217893,-1.86935685889613,-2.802413471477,-1.14635119626358,-1.1700386531803,-0.275881744834416,0.133627833968149,0.329692622589467,-0.161414049679172,0.24673411041292,-1.82604278453847,-1.56080172844555,-0.81564387150429,-1.60914418267188,0.259501074261368
1976,-2.27511419218188,-1.20325558956641,-0.764221423839562,-0.598344268939628,-1.08488934458612,-0.69434367736971,-2.57505122961776,-2.65347101197618,-1.80705988496635,-2.27949178220134,-0.991628312239357,-2.78384273807072,-1.68544301048566,-1.33024501640369,-1.18859650664527,-1.62242417345402,-1.31320397181577,-3.14720155137869,-3.04230245159334,-2.25399597349996,-2.80467065116468,-1.59542934092019,-1.74664514849193,-0.657500099253403,-0.143411308225652,0.077999984429,-0.505449000662955,0.010731874420915,-1.97314690813348,-2.27305062307054,-1.3434517043497,-1.71414213906369,-0.332650569633864
1977,-2.3838239114169,-1.73736348005553,-0.849038674488985,-0.752988106290351,-1.20272734926445,-0.746361578387234,-2.46621242598706,-3.17972688653711,-1.95136971002489,-2.66262955379156,-1.14983224616483,-2.87200618202051,-2.22190089507755,-1.41331633432638,-1.32748492500538,-1.71420344478049,-1.35350630200193,-2.98927298332248,-3.55845873253324,-2.38301610325096,-3.16973385470374,-1.769373648943,-1.86982893082931,-1.22801115715104,-0.235396292582353,-0.104704372713581,-0.647599216839823,-0.08734721598496,-1.90147984441022,-2.80229820919596,-1.51164544693135,-2.11826762344566,-0.497248540932704
1978,-2.68248746806742,-1.44853016971353,-0.679333701440999,-0.652448658059262,-0.987398388039577,-0.601282416114284,-2.62761644569916,-3.08753553075982,-1.91200832274194,-2.64057224833885,-0.824596665650322,-3.15116915275675,-1.92877893189332,-1.20894008750482,-1.21733783696501,-1.48191632298712,-1.15406714080355,-3.13677425529581,-3.46607435819534,-2.30562745363211,-3.13200550057466,-1.4070579252944,-2.18604368839174,-0.942847555722006,-0.0855789736360697,-0.0217341030206046,-0.452465255495635,0.0184286333681502,-2.10517724300953,-2.71212422314619,-1.48437593218025,-2.11977912367058,-0.200329647187386
1979,-2.93139175340162,-2.41169265136307,-0.652624321592413,-0.716886305393287,-1.01987239087517,-0.672372119063416,-2.8815130820214,-3.04497422093531,-2.25564910263744,-2.93035854618683,-0.491411584924313,-3.44287619345625,-2.87316924840481,-1.21284066704941,-1.29179487095884,-1.52677092637813,-1.23843395989203,-3.42787638082521,-3.44184686768064,-2.65992953832446,-3.43237508827781,-1.10569833412503,-2.40988518555559,-1.95353460402107,-0.0323080738906924,-0.0538515353168101,-0.470991758510709,-0.0443201815282508,-2.34099378765401,-2.65920160900437,-1.84043462065945,-2.40374293862322,0.211529626096525
1980,-2.94045723945413,-1.98663296315452,-0.686254447168694,-0.767239635143817,-1.0083071084348,-0.671267171901303,-2.87183720291412,-3.04174405092262,-2.26882382599066,-2.96520264596134,-0.252493482922661,-3.46850158824589,-2.43430683291854,-1.23121980382003,-1.31213486369105,-1.50175604912893,-1.21559174032195,-3.37431861427062,-3.42717869888982,-2.67639891424915,-3.47652310496942,-0.829085066610241,-2.40363385345361,-1.54683620865592,-0.0833195892647943,-0.141472610194389,-0.461349114310947,-0.0581878616987745,-2.34029532057535,-2.66378503683653,-1.86918823059426,-2.43356964310184,0.395680776095415
1981,-2.7508239767243,-2.55130034757252,-0.778178315603171,-0.851885488766992,-1.1132658143992,-0.806833513383326,-2.75627463264504,-2.43216970964411,-2.23409630047716,-2.91672474874226,0.081579095909459,-3.23614019537831,-2.97462554170124,-1.29036293228311,-1.36858887581894,-1.57228288281315,-1.3134275612132,-3.21958863614946,-2.81060279519528,-2.62452534965865,-3.39592720876461,-0.487880294619372,-2.25953828969947,-2.11538188207141,-0.208270686598895,-0.247917424328898,-0.612006221061042,-0.247519882407321,-2.27227510649151,-2.04152048393741,-1.83544565393134,-2.43361954908595,0.735243951730283
1982,-2.37953568240493,-2.40870177583744,-0.720974545363803,-0.772592606120209,-1.04390131539244,-0.753558221967795,-2.79030252211794,-1.95039810079844,-1.93806340749985,-2.83008782811544,0.222991587740634,-2.86056280136038,-2.85086845629074,-1.22702065595403,-1.28741352382823,-1.52348854805264,-1.26939447840274,-3.24435659982414,-2.34161863015728,-2.34461109657075,-3.2890055518069,-0.3712104288957,-1.88888015909157,-1.95164558567923,-0.150280649495439,-0.182155150103823,-0.524817898289354,-0.189176162096144,-2.31007924398302,-1.54286371616823,-1.5214801104949,-2.35494468311189,0.946075022442996
1983,-2.24831255421709,-2.89595195929705,-0.801853543644637,-0.793821684962763,-1.06533135703764,-0.877708742378698,-2.9049431506792,-1.84459513875182,-1.85714055478755,-2.53383808976507,0.331687668493487,-2.7180369264062,-3.31465899080763,-1.31771457089713,-1.30700481596354,-1.56335689283914,-1.40272041595915,-3.38965948746569,-2.23505267103113,-2.29133348012248,-3.0262150695282,-0.29966375388238,-1.77353957548443,-2.47295220776127,-0.217321025847993,-0.215983249745201,-0.527165438889898,-0.286008379262669,-2.40789802624054,-1.45658210469067,-1.43314798635673,-2.03889970811511,1.08902450508139
1984,-2.20728631318752,-1.6755054775088,-0.855927558555916,-0.830695693954216,-0.985273511382486,-0.822146417466725,-2.70594595404131,-2.17638007255221,-1.50740717969511,-2.43213910855079,0.0326571830172113,-2.65506681297876,-2.1140176027648,-1.3492906736092,-1.32834467097349,-1.45886538578564,-1.31875506144331,-3.16179171378313,-2.53377618137586,-1.91535603812761,-2.87449694721952,-0.531697369742747,-1.74795641848796,-1.22125039616028,-0.30283821372244,-0.298470303428016,-0.471448647005636,-0.265633024081819,-2.25590649265422,-1.81744934300641,-1.09734157692084,-1.98472753903386,0.686615386178921
1985,-2.22029190751272,-1.37256983308556,-0.956839885008886,-1.01282976826936,-0.822087320761183,-0.916136895650241,-2.94670750131534,-2.14612120466882,-1.55178528260196,-2.50715824234472,0.0294585929965989,-2.66170036823148,-1.8852632596351,-1.45593524522883,-1.54270265812262,-1.2990573211511,-1.42101394155996,-3.42973172713832,-2.52125821700911,-1.97053768458738,-2.97749082619657,-0.564714565275073,-1.7568515675843,-0.82977567241137,-0.399191334468072,-0.460200930782617,-0.318656655668453,-0.355055876255126,-2.45791651589309,-1.77011439089428,-1.1129967216245,-2.02990594185366,0.700217829457147
1986,-2.3274696924112,-1.29858094831637,-1.03189522881369,-1.05604770251679,-0.889193866435378,-0.974294052839012,-2.80768801534126,-2.43538817499298,-1.41314953184353,-2.55454395985246,-0.207816055143897,-2.78352531805706,-1.74188672789283,-1.54146180574597,-1.57735144914878,-1.36537543395485,-1.45371828544569,-3.27079073706939,-2.80244419784239,-1.82237070542635,-3.04538072292511,-0.78975807151004,-1.86107982888231,-0.800610879274761,-0.491020581234857,-0.501069949714241,-0.393049118226671,-0.448320482202679,-2.32610455548282,-2.06467392065284,-0.985423128604593,-2.0643801628255,0.449444604355877
1987,-2.42985171769657,-1.09965215265649,-1.12880008756927,-1.23486036454552,-0.837346249893021,-1.10609005914626,-2.82160815963968,-2.53780518490206,-1.67391306390839,-2.5531871398521,-0.341979179450444,-2.89028980539834,-1.57365067968442,-1.61641746990333,-1.77137073639149,-1.28109487190067,-1.58612374882335,-3.26152936178455,-2.91169431645602,-2.0730085371174,-3.01473815099758,-0.917780944979336,-1.96775484185377,-0.586492821656798,-0.5965780800468,-0.688910848405647,-0.346409360201247,-0.57083290225497,-2.35526385958107,-2.16460115995884,-1.25193870188767,-2.07750799759459,0.3062501655515
1988,-2.19196971161267,-1.35074853696812,-1.12707177624881,-1.28332264780954,-0.843508022629072,-1.20780720033165,-2.82105139567611,-2.58426345251769,-1.6230517829331,-2.2072887941059,-0.633836610094362,-2.64622068778815,-1.80947018450599,-1.5839802195356,-1.78982470231665,-1.2876730377889,-1.679050012799,-3.26505059358436,-2.97445076766637,-2.02972328578767,-2.63580347425064,-1.18891429399248,-1.72751215719392,-0.865871045722543,-0.61603974727059,-0.771883766024125,-0.365726105636496,-0.688507711431289,-2.36295550868692,-2.19209010995877,-1.20686720301344,-1.75470632140142,-0.0134424638163144
1989,-2.2243551902209,-1.85208249504069,-1.30105405594507,-1.36429130148582,-0.997345243543654,-1.43542251117276,-2.76569484182786,-2.46362734356816,-1.89595881068178,-2.38478947733876,-0.678471091358472,-2.66810862189226,-2.28363071712408,-1.74998966883205,-1.86072227270242,-1.41474068639515,-1.88750992218819,-3.18960329359205,-2.84203995026936,-2.27442339827294,-2.80122246769385,-1.2150149772595,-1.76829201330392,-1.42012090845405,-0.820225771396672,-0.864971966185028,-0.52768798539464,-0.957848305194167,-2.33860406154693,-2.08290130636759,-1.50536054577347,-1.93114691780218,-0.100085546711148
1990,-2.21110307244785,-2.01665384181983,-1.31166467914981,-1.39469627528304,-1.07525050995915,-1.58678811884866,-2.98281734934672,-2.65090789310406,-1.9836074124822,-2.29977268987738,-0.831814826066919,-2.64105538415071,-2.44935646908947,-1.77299975863307,-1.88898617852573,-1.51537681274127,-2.04893486754594,-3.42836752955985,-3.01596720235557,-2.3895254854119,-2.7314593252096,-1.34921167305861,-1.76113535326883,-1.5863641241051,-0.828660089627213,-0.885332180072404,-0.618302928530382,-1.09549081586243,-2.52463034084961,-2.28790598603625,-1.58802883773715,-1.82120154979682,-0.265081718286842
1991,-2.05620942522082,-1.90782234343488,-1.3337170084771,-1.27136437524526,-1.01304244816284,-1.64507150165344,-2.92383811678922,-2.2212637073303,-1.88356340350381,-2.31666439818336,-0.715815849663336,-2.50263763480758,-2.34563632729015,-1.79681597368336,-1.76750928020166,-1.44158120857585,-2.11234526577255,-3.38111340856192,-2.58852215741264,-2.28399561225381,-2.75115265137061,-1.23446484370534,-1.5936870226905,-1.45862689100649,-0.846417533461083,-0.765313915650011,-0.555253114677709,-1.15488817578935,-2.47553316882453,-1.8541703425907,-1.47350902361034,-1.85867784986231,-0.166224985908653
1992,-2.01226938691766,-2.02919717749192,-1.35714546375139,-1.21890545516247,-1.13438641582076,-1.72282541529437,-2.89197367375344,-2.29585409470277,-1.95544774011436,-2.40070849209516,-0.937885388991041,-2.46568563627892,-2.48043133199839,-1.83083144001729,-1.70777975809775,-1.57145238968491,-2.18190723371884,-3.33407434916347,-2.67440579546253,-2.34370219735685,-2.8713512162126,-1.46794554248752,-1.55149590370507,-1.57153621167927,-0.871054916163833,-0.704003754497276,-0.664478821324001,-1.24036533431083,-2.42324943225761,-1.91866202693149,-1.54879697068996,-1.92016042379479,-0.368026160686389
1993,-2.1228199172973,-2.41385567936407,-1.21677832945219,-1.20773136041323,-1.16701073841476,-1.60493408547182,-2.85756300935673,-2.47817498703313,-1.9074086641861,-2.17658443422675,-1.12502491832461,-2.56494648637038,-2.84428390607641,-1.66693388673162,-1.66825210937256,-1.59557232428044,-2.03836394288682,-3.29621818303398,-2.83570151492076,-2.28575702488916,-2.61253384992847,-1.62710795363527,-1.67821926815556,-2.00538179816074,-0.744209056497524,-0.715963769446869,-0.712785921000792,-1.15175845915302,-2.40752047114391,-2.12914919501815,-1.5185242379334,-1.71453444298854,-0.578211812164626
1994,-2.23413573020972,-1.74504245635636,-1.42928255847922,-1.12698553090184,-1.20290690091278,-1.65965329290188,-2.85870988524723,-2.81484261610961,-1.94017784063624,-2.2610325791547,-1.4638676556053,-2.64595392397046,-2.18381467410798,-1.86665834352246,-1.55184574135042,-1.62016797337299,-2.08419689417423,-3.28968791132673,-3.16912936952277,-2.3089603492888,-2.63420334698769,-1.95437016904225,-1.79101789954185,-1.31431822567858,-0.982016602971016,-0.662132989908596,-0.761839553369003,-1.21585767369685,-2.43266752826514,-2.45977660651591,-1.55839643464262,-1.84743032285215,-0.966777440483317
1995,-2.25028807292124,-2.16186635944384,-1.60114784311917,-1.13176553273904,-1.40011512260471,-1.92449529918222,-2.89413776398559,-2.86441319560271,-1.93122563037053,-2.29977794835777,-1.78512350050053,-2.70583967632142,-2.59945575146981,-2.05866657420603,-1.58636178419647,-1.83858328076539,-2.36350351014491,-3.35125587494463,-3.24144355940627,-2.33348013993335,-2.7102887234877,-2.28139616908804,-1.77630198748485,-1.73608212665591,-1.14099638573133,-0.646343598014256,-0.95046600942744,-1.46242318866133,-2.43928596492413,-2.48715745643696,-1.53019836585367,-1.86908539344904,-1.27928514598823
1996,-2.25418374604373,-1.99803054414175,-1.45926322162281,-1.15568735495827,-1.33842526443493,-1.70707710895703,-2.71146161922919,-3.25123827001149,-1.97724189052317,-2.25880880229568,-2.25081356596261,-2.71669352356826,-2.41794387533605,-1.93260916523756,-1.61379090683773,-1.78269767016057,-2.15066658279915,-3.17035531314596,-3.66243763324926,-2.37864594399817,-2.65665414378621,-2.77307039878014,-1.77659559249669,-1.56279041176662,-0.965527824734656,-0.646911098884798,-0.860259894718396,-1.23970417447821,-2.24722963174245,-2.85062718748527,-1.56723644132067,-1.85471537979413,-1.72462481229818
1997,-2.25497875564842,-1.72913900254024,-1.37487678001109,-1.095387610573,-1.20483630720065,-1.94483072893515,-2.70413503769663,-3.13017007792019,-1.95692325014479,-2.71714313192156,-2.25314361631118,-2.71006734066866,-2.1854224832395,-1.8277831537393,-1.5451241027356,-1.65512688811976,-2.39083364994892,-3.16507631280285,-3.51650643465863,-2.35707499564087,-3.1349000461788,-2.78173248894858,-1.77980068832939,-1.25912153492302,-0.8903729385244,-0.595424153473203,-0.737832356093552,-1.47623699952736,-2.23954931063323,-2.74983213905123,-1.54384403023588,-2.29886966351838,-1.72889741004371
1998,-1.92761184427148,-2.16975161211365,-1.21743705380473,-1.10674909134217,-1.12969309372652,-1.74298332016247,-2.69687470727875,-2.72375350883086,-2.05492117330745,-2.40174216848237,-1.92887904734482,-2.36329168206633,-2.6066679457206,-1.64282835406853,-1.54320089148591,-1.55382349303329,-2.14727813098201,-3.12637266856244,-3.11480157603619,-2.42138557719584,-2.78590697199995,-2.39571314085964,-1.4515689109191,-1.73231903531005,-0.774938870280677,-0.624885915088488,-0.694602532260899,-1.29279680802136,-2.25580519351818,-2.32965781128401,-1.67740865840814,-2.02510837497533,-1.44553008608175
1999,-1.82478153726299,-1.91587734974172,-1.05063824891996,-1.04068281411039,-0.814567259899694,-1.58097560450837,-2.79995368344566,-2.50956063395471,-2.02740593301044,-2.85132139403937,-1.71158032890289,-2.27309930322123,-2.35846204785589,-1.49095475879483,-1.48144778449268,-1.25239514690821,-2.01252078054342,-3.24547933751265,-2.91188087878165,-2.40182912405573,-3.22959782868388,-2.17008642954171,-1.34021633069588,-1.46561655348537,-0.578966064485361,-0.559756735743198,-0.347720207170968,-1.10752224997179,-2.35212806020347,-2.09961829731854,-1.64020600729424,-2.47896774628324,-1.22314758950178
2000,-1.64985622037489,-2.03439337199172,-0.969945009931114,-1.11147874883459,-0.801639385121854,-1.45702149704316,-2.81415879449612,-2.1247610780255,-2.0365488460617,-2.67495928045964,-1.64621237766626,-2.10181707858064,-2.47695041205777,-1.44582201794917,-1.57870122515867,-1.26199562196976,-1.90479492727032,-3.28136450545054,-2.54853372378452,-2.45054061264162,-3.08450682742371,-2.14934379155703,-1.15806713363796,-1.57635086920391,-0.482661500481308,-0.61771829577755,-0.289817940114103,-0.959013587519714,-2.32319373039542,-1.70226867746764,-1.61798842658688,-2.25000321062434,-1.10283620764229
2001,-1.95792019583546,-1.67365514369872,-1.04096066520707,-1.18138088218148,-0.735275269788678,-1.51259335268719,-2.76114322746859,-2.21199644796835,-2.16404616882656,-2.89791673154253,-1.6125480049658,-2.39940398312187,-2.13635262340176,-1.4838610578099,-1.64057024908073,-1.17204532743462,-1.94643405198592,-3.22520256787521,-2.63469986806035,-2.56167740795595,-3.28856381608207,-2.08133259871584,-1.48205736550407,-1.20775396443207,-0.57030734567495,-0.698115608121718,-0.264840746143515,-1.04600704748073,-2.30343577500722,-1.77775659849947,-1.76366263661891,-2.51212864517769,-1.11630160633951
2002,-2.21107360735153,-1.94442709070386,-1.03055260483965,-1.2946967538459,-0.809640225113907,-1.44256902281583,-2.7074894211443,-2.1977729886827,-2.41473683300912,-2.96488982303228,-1.65942762837896,-2.66260384243251,-2.38597617307051,-1.47340294764233,-1.73304706611623,-1.24565688546881,-1.86719281605176,-3.15683530455051,-2.61438413048716,-2.80490755989603,-3.34042464455804,-2.12516731850216,-1.73379845002035,-1.49006709477093,-0.562134526790635,-0.808815624126549,-0.358925335477283,-1.00903101786179,-2.25757995470399,-1.77257005304701,-2.03240110116102,-2.58272485307956,-1.18367526383236
2003,-2.56072684391734,-1.36127132447786,-1.46994038523609,-1.43153905618305,-1.05727368353563,-1.63466299828564,-2.52403173683915,-2.53256109142194,-2.57072693973871,-2.93488356490224,-2.09328416574893,-2.98074575709887,-1.82401155723993,-1.87316456338025,-1.85786933915572,-1.47630099259038,-2.0445490141846,-2.95767255297318,-2.94192769850551,-2.96349900526701,-3.32527528521731,-2.56663046968153,-2.13866946391414,-0.886142492862828,-1.04332313211031,-0.971428120773777,-0.617481131618226,-1.20892356139621,-2.07455820136159,-2.12319931733702,-2.19963061088907,-2.5397802518299,-1.62372406681763
2004,-2.62497048945492,-1.35153162822317,-1.4683160713319,-1.42911431462653,-1.02034014371129,-1.59745839154031,-2.53646303008945,-2.57312854126957,-2.61252219849739,-2.85599574226175,-2.20832617383654,-3.04556271889465,-1.81857996873665,-1.89241048785677,-1.85832495493876,-1.44420137879415,-2.00857383643497,-2.96700644513102,-2.99178225619633,-2.99618781218654,-3.23675654906855,-2.68257608974977,-2.20062008250934,-0.864984656140138,-1.03709773278914,-0.976565843939743,-0.590275168848552,-1.17068178668333,-2.08732124283962,-2.15040375135383,-2.23682916341043,-2.48865352527183,-1.74933640686956
2005,-2.7250167972214,-1.29714070830553,-1.81187935465311,-1.53745419215369,-1.29239815260784,-1.92192559175598,-2.4706824583526,-2.67000391076984,-2.77705852794574,-2.75953191266005,-2.16510187480704,-3.15565150465151,-1.75024970562828,-2.21578618143653,-1.96796936945541,-1.71562774386637,-2.3444799675524,-2.90812258690621,-3.1063242311889,-3.16526399781176,-3.15802247200249,-2.64143177409711,-2.29825989459867,-0.817796347266575,-1.38422014024746,-1.07998108611303,-0.852262602122004,-1.49706219347422,-2.00428597848132,-2.23694877338997,-2.39686394819667,-2.36719236051592,-1.68890064430704
2006,-2.93217268513145,-1.4017532009093,-1.86252945190182,-1.63135959561879,-1.41144777516134,-2.00412024094051,-2.45349476251468,-2.84187761393878,-2.86708127292258,-2.65190898120596,-2.09723219351711,-3.35967769401488,-1.86923204996862,-2.30245428790537,-2.073762760837,-1.84079590310829,-2.42977046585916,-2.90645065318128,-3.27951189578832,-3.25964905311199,-3.04270916219319,-2.5740259304337,-2.5045027095095,-0.919726183456348,-1.42787316628937,-1.15437825197804,-0.964725065216295,-1.57983660229947,-1.98692564870976,-2.40704000038128,-2.47291756333664,-2.27344262120617,-1.62519115096653
2007,-3.01311828675161,-1.62492239634355,-1.80240952674377,-1.58037072126295,-1.41945147564393,-1.96398757971126,-2.61615310998897,-2.68148372219242,-2.90043082881737,-2.43722264274343,-1.91027750756336,-3.42952981769925,-2.0885785787437,-2.22420238590159,-2.01006556011602,-1.86008937577626,-2.38316606484086,-3.06368715557279,-3.11140203095111,-3.28537669692788,-2.8140827640296,-2.41159490509949,-2.58626527270872,-1.14241269987918,-1.36888424697621,-1.11352488038822,-0.983615608607269,-1.53466258738118,-2.1467118273053,-2.25803787226279,-2.51265093406338,-2.03991495780238,-1.41842240657212
2008,-2.47296613527472,-1.6048497555393,-1.84661738400928,-1.63079889054899,-1.42773947065317,-1.91050117444775,-2.44655541299927,-2.33784213936972,-2.82186280631768,-2.26685413254645,-1.76997571906441,-2.89579876500113,-2.04163131147552,-2.27582640854332,-2.05384225027415,-1.84783998139988,-2.33286749256514,-2.88589463199232,-2.75375696015717,-3.21132041408209,-2.65494041121216,-2.25905168957195,-2.05231996318366,-1.1555289830907,-1.42089759915818,-1.18278728529416,-0.989074777718825,-1.48049581989851,-1.98113110540846,-1.91203860204623,-2.45010012372201,-1.85304148935173,-1.27478630500045
2009,-2.43669474134937,-1.7386029015827,-1.58069864935896,-1.47068708946336,-1.12973179428382,-1.68830421065641,-2.67678798634785,-2.03776027436055,-2.6294454605261,-2.04028779702538,-1.29168153117491,-2.85881641884478,-2.20798662754025,-2.02907743021231,-1.91484382042846,-1.56616055105955,-2.13384439414047,-3.1533558150592,-2.46194039237071,-3.04033236816599,-2.42796802655522,-1.82249874653376,-2.00531596859611,-1.2640164520337,-1.12389653583638,-1.00681292216835,-0.66705198588883,-1.21959918663517,-2.19211547628843,-1.60852735822705,-2.22522176503451,-1.6255475127886,-0.719590365267723
2010,-2.22285534762168,-2.13297122284901,-1.72764777490515,-1.54870053618191,-1.28153813801796,-1.67365724209816,-2.67581298075519,-2.09536678763783,-2.77601608625224,-2.3259705639158,-1.22255224831462,-2.62938705078496,-2.58193720437726,-2.15793039760055,-1.98665032596972,-1.71252359598154,-2.10162633273948,-3.14909479037576,-2.50622015120659,-3.17153222187206,-2.72068608472853,-1.72108532912339,-1.8081803165125,-1.71307658172728,-1.28639184827561,-1.10697888740713,-0.83071108588304,-1.22416012216984,-2.19449016820484,-1.67242487287039,-2.39008451714001,-1.91139653644535,-0.684758131826473
2011,-2.0936949276928,-2.51491891018246,-1.77664902058823,-1.6404873131664,-1.35816479275424,-1.63117090794547,-2.44331843911502,-2.28995734280923,-2.66513946671716,-2.42156471444892,-1.28029593743006,-2.53190806705925,-2.9347671612806,-2.20134072691283,-2.09801487753741,-1.78056373475542,-2.04945923071103,-2.91038182446331,-2.70722593359197,-3.06688333014869,-2.83723937714931,-1.79581693428374,-1.64525353635581,-2.10324144020263,-1.33345255199339,-1.19070055192047,-0.915929169763087,-1.1888684009005,-1.96903998615397,-1.8738248133355,-2.24908098301457,-2.00121714653405,-0.717642442170915
2012,-2.30072531450307,-2.04788008659167,-1.84559200987271,-1.78423819896879,-1.44348061182898,-1.67378050493102,-2.23824294113115,-2.85558988745565,-2.69016525454336,-2.62562395415213,-1.60852065140584,-2.71838675955001,-2.47061285096702,-2.27425795652853,-2.21475766760685,-1.8540841488871,-2.08604092554701,-2.67790765342976,-3.26435455442876,-3.07286406158991,-3.0223182078156,-2.0960627840888,-1.88314260770926,-1.62052681671621,-1.423766842128,-1.33899621148865,-1.01104143008224,-1.23304607060993,-1.77467409446103,-2.45558842608444,-2.28625308924134,-2.2313610226371,-1.10281377634588
2013,-2.14898904598809,-2.6305227266787,-1.75212425350181,-1.7261360808492,-1.51487263143027,-1.67338537612032,-2.24453167567267,-3.09814635135749,-2.76405622899969,-2.61539226359427,-1.72654455741655,-2.57391691433462,-3.04873709718768,-2.18620741415593,-2.14816926622252,-1.92679763598624,-2.09350408169609,-2.69834159896486,-3.51682634400949,-3.15923985267305,-3.0072476052475,-2.22378873790806,-1.69843046716834,-2.20152656884574,-1.30858679016085,-1.27746873333653,-1.07915061406381,-1.22531780594584,-1.76203414816591,-2.69108526021063,-2.34880897478452,-2.21088172816821,-1.20080559266173
2014,-2.29921607463572,-2.03619016730335,-1.90356403634,-1.76326944857813,-1.68344183260553,-1.79696473347638,-2.20167030204777,-3.25177301830236,-2.82718951518075,-2.72286492962989,-2.09357509402341,-2.70724164862069,-2.46180499017478,-2.31188265218628,-2.18338626776883,-2.0951018986476,-2.21984234234742,-2.65908486274292,-3.65788186265917,-3.21609511333979,-3.10798252287371,-2.59210106315065,-1.88122576693607,-1.59761349448702,-1.46842751742117,-1.32996924853352,-1.25616166157673,-1.35430767131758,-1.73087185150368,-2.85580790916402,-2.42591037672784,-2.32062163158926,-1.57678666335925
2015,-2.59704874668747,-2.55665365841161,-2.05441195178486,-1.88159911416567,-1.87486547547641,-2.14416981199038,-2.14848743017263,-3.61323612292173,-3.17524789754033,-2.83781746377583,-2.3117089488555,-3.01938619289238,-3.00363763105201,-2.49070384475045,-2.29924154248113,-2.29758306563617,-2.58603215683634,-2.61854680867419,-4.02243268155939,-3.56303333305342,-3.2274343283497,-2.83122598047199,-2.18070431746583,-2.1198325959317,-1.62403301189502,-1.44686310830608,-1.44562762749013,-1.69278140609795,-1.65077748882902,-3.21184783699251,-2.78866187643627,-2.43234549358398,-1.7961054744603
2016,-2.90861782702869,-2.42659790391297,-1.99510182637396,-1.92479579249886,-1.85692844490043,-2.28511680284666,-2.20127546642974,-3.49632237848923,-3.34842322627672,-2.86378905141222,-2.1331033446957,-3.29599656601545,-2.85791579317531,-2.40784422608169,-2.35081903440151,-2.2737350323791,-2.71505133849775,-2.65844723293514,-3.89454197817949,-3.74922690952874,-3.26561288837904,-2.6255591532491,-2.51684914533474,-2.00478410717769,-1.56510246146185,-1.48785566891167,-1.43158421626045,-1.85459374055498,-1.71165023996699,-3.10137605036902,-2.96024161988395,-2.4495200810444,-1.63168823195767
2017,-2.57381464554555,-2.47557178186864,-1.91568058731132,-1.95043070540655,-1.69904068075014,-2.12828447048007,-2.33659088954415,-3.24154779859215,-3.03803307248478,-2.63240940889679,-2.00550384280414,-2.97893197792388,-2.88740137347551,-2.3087530585756,-2.35199536650152,-2.09700483968003,-2.53965717740593,-2.78507064864415,-3.6438248240776,-3.43216585747006,-3.028200478838,-2.50243977739755,-2.1732837742684,-2.0534058155609,-1.51325790918397,-1.53852189021554,-1.27945442887036,-1.70045429943983,-1.84910922815537,-2.85426285372969,-2.63530622760687,-2.24100712622038,-1.4946916135525
2018,-3.0380509885647,-2.92309912480977,-2.01041819690412,-2.02740876208271,-1.89192865152017,-2.2603862249758,-2.58396512178533,-3.00869926047824,-3.33495397197102,-2.47428506841895,-1.92423402014283,-3.45334003752234,-3.34855124785182,-2.42451342453201,-2.45011686249743,-2.3004024670721,-2.6731722982901,-3.06290588255556,-3.41454824073866,-3.74486456300882,-2.87097060976212,-2.42931526556498,-2.63918794599173,-2.49936196124952,-1.59075308187377,-1.60544245416835,-1.45966721006577,-1.82487967003096,-2.07577942983724,-2.60022110440603,-2.93257213063156,-2.06241007650805,-1.41288446335232
2019,-3.06372673448585,-2.98348510282865,-2.17232333566195,-2.17281264861759,-1.95451647761054,-2.38286011111667,-2.31449332434588,-3.0046302749325,-3.44467685943938,-2.53030901943879,-2.0665198703595,-3.503268424112,-3.41044426571845,-2.58295018488851,-2.60340354965253,-2.38444570838612,-2.80952707237618,-2.81102462562787,-3.42438094832577,-3.87227245291238,-2.95819705442992,-2.56255310981989,-2.6319902405134,-2.57632429481148,-1.75646509547782,-1.74386278085064,-1.5313813688963,-1.94556914595075,-1.78577141578307,-2.59228323942798,-3.02740534918587,-2.07868939435139,-1.57242606054345
2020,-3.05059582060168,-3.14116118033226,-2.25373575057967,-2.24002188573237,-2.01777763276251,-2.54112968592319,-2.41077208736766,-2.91772004000142,-3.37301031888967,-2.43812368124212,-1.99367317221134,-3.52085051422003,-3.58764511743625,-2.69340352458738,-2.69590206722779,-2.47482901947032,-3.00194550103759,-2.95121687367662,-3.40177900267596,-3.8593483704126,-2.88437604336347,-2.52399117655747,-2.56868870156888,-2.70130237616633,-1.81174328522159,-1.76700004985657,-1.55994587730161,-2.06312084760746,-1.83232319827955,-2.4439236250316,-2.89120494105285,-1.97404742384785,-1.45069282116949
2021,-3.06613172970608,-2.98287336627987,-2.17960315470778,-2.24357083804941,-1.98525872554558,-2.43728754900068,-2.35056642926985,-3.00476722104242,-3.24605656574253,-2.33216331295339,-2.18597533643609,-3.58509996181855,-3.46874645156157,-2.64637752716081,-2.72141770889325,-2.46260533086261,-2.93863301028617,-2.89524046901969,-3.52406035573946,-3.79572552056357,-2.82100379931474,-2.75014772560322,-2.53733442153611,-2.50591405245549,-1.71571109847128,-1.74833014353746,-1.48883279097194,-1.93554201741103,-1.74383662709407,-2.48268788501931,-2.69386986162672,-1.82538440350132,-1.60052475590502
