"year,""EW_median"",""FR_median"",""IC_SW_median"",""IR_median"",""NI_FB_median"",""NI_FO_median"",""SC_EA_median"",""SC_WE_median"",""EW_q5"",""FR_q5"",""IC_SW_q5"",""IR_q5"",""NI_FB_q5"",""NI_FO_q5"",""SC_EA_q5"",""SC_WE_q5"",""EW_q95"",""FR_q95"",""IC_SW_q95"",""IR_q95"",""NI_FB_q95"",""NI_FO_q95"",""SC_EA_q95"",""SC_WE_q95"""
1971,-0.572359401710514,-0.46075161123061,-0.429900017488689,-0.437141039997986,0.153931749626516,0.0272650404127881,-0.508242352636777,-1.59170548939094,-1.6742458690968,-1.67095815415279,-1.51041274210434,-1.48017462548211,-0.853614201779858,-0.980938889214946,-1.42046966575964,-2.38384281465539,0.825768322243258,1.04762999546545,0.936585159043548,0.955440589115226,1.52652277846328,1.33968966583208,0.692635196314941,-0.72172077489021
1972,-0.72599623779164,-0.889543047015167,-0.426079763516478,-0.28795786990557,0.0595896432564847,0.0367550450865148,-0.547036855686273,-1.38584438957004,-1.77662086701363,-2.09106597363248,-1.43512829397102,-1.39888121958129,-0.965322577550418,-0.981699999112997,-1.42413027292504,-2.16444303773111,0.609249522652224,0.571422718643335,0.99018725824911,1.09405326735619,1.42785687583245,1.41269341591322,0.535950375885575,-0.525145713481549
1973,-0.547606166673408,-1.6840521585174,-0.592903012447074,-0.175563409586475,-0.35943922508712,0.0391796325705198,-0.313104172020709,-1.21779799902363,-1.54524698670298,-2.4231659581193,-1.60109258218384,-1.27388120879743,-1.22955292187353,-0.906572265801857,-1.27431454457614,-1.99686239067858,0.70721473633479,-0.835759387718087,0.681975215928151,1.22204937819292,0.7909494282147,1.27445633083784,0.909531136416441,-0.351737443397212
1974,-1.30077977177393,-1.96061532000048,-0.371963350190492,-0.595534807845554,-0.622648117700767,-0.727183503501303,-0.889606141279844,-1.3579731247844,-1.94138907607805,-2.67374851542204,-1.43139362876512,-1.360161584414,-1.30586382491056,-1.3743881763172,-1.57278846358942,-1.93859692206732,-0.593511234687633,-1.15705521847944,0.974704347939626,0.402915548702936,0.187209150548826,0.0862206910095547,-0.120235639118578,-0.703296081680691
1975,-1.80842441251903,-1.78874883689286,-1.37623707032856,-1.38188342514017,-1.06975763085152,-0.893805718794384,-1.36601945497116,-1.51222388774849,-2.30322365476298,-2.3353557016718,-1.89514347628601,-1.91097022617762,-1.62672000063715,-1.46166960401077,-1.84184423747705,-1.96731202524278,-1.29302613593684,-1.21958252626486,-0.817133383231545,-0.818839470817119,-0.455183011863233,-0.251756487454797,-0.869588571779582,-1.04189580742439
1976,-1.9934712868697,-1.92095414984532,-1.58192607553306,-1.79180877791685,-1.0742936548805,-1.11518141963164,-1.44575414845913,-1.65452291066222,-2.43370333459685,-2.38879496159762,-2.02823692688154,-2.27595928304755,-1.60004502064038,-1.64359035234547,-1.88398297772545,-2.0826451294926,-1.54784648300207,-1.43769109743119,-1.10730928018358,-1.29856937493714,-0.513220618813963,-0.521006063828946,-0.987367798635675,-1.21232491692326
1977,-2.20608528760939,-2.03875586997379,-1.90636002336763,-2.0032626220344,-0.816400680950301,-1.03100554768175,-1.7198299443318,-1.774222217978,-2.6495610904043,-2.51986157802488,-2.35998741197255,-2.48545922427837,-1.34852096096727,-1.58050282165416,-2.14653208261202,-2.20490887785236,-1.75469787233845,-1.55093418023639,-1.44535049426463,-1.52017836911676,-0.241325662771643,-0.421500491680032,-1.28051574540987,-1.33376346273898
1978,-1.87673773655245,-1.78675844035219,-1.6604284386905,-2.01045212094952,-1.00384114451097,-0.845169229105267,-1.47564890914757,-1.63441166997876,-2.28979105682063,-2.21963990170168,-2.07985990629887,-2.45043456987283,-1.51574734253179,-1.377211943942,-1.88754838215842,-2.05072957566139,-1.44021782814361,-1.33614914692432,-1.22680346706039,-1.54841439007592,-0.434207590050157,-0.250528100978882,-1.0460556383446,-1.21317628795043
1979,-1.74970745968932,-1.6199232463026,-2.01542752728484,-2.06803720865796,-0.971590521603731,-0.676905473006987,-1.59933447562914,-1.59917384217948,-2.18182462825911,-2.08116200158612,-2.45766044223448,-2.52128105349934,-1.49202703095229,-1.22512200152771,-2.03386356123303,-2.01780234253755,-1.28870639378464,-1.12200834837908,-1.57745729217866,-1.60193545811704,-0.398438135205641,-0.0602297537613002,-1.14187839373079,-1.16211038104937
1980,-1.76063155499466,-1.69678334320602,-1.92278033960595,-2.11270784537259,-0.944021769230033,-0.61891259169183,-1.60564678750759,-1.60014348124637,-2.18275789016152,-2.14622534617184,-2.3419356730114,-2.55104338031049,-1.4679250889482,-1.18410825373933,-2.02309895333208,-2.02090676517518,-1.31944717163724,-1.22775510772843,-1.49107585225257,-1.67564429351782,-0.350090256359003,0.00336660397313908,-1.18526121811517,-1.1668445106416
1981,-1.84022758968315,-1.90203735716168,-1.99297894437854,-1.72182860867383,-0.855656195286082,-0.502096113109598,-1.74790680120187,-1.64357449860226,-2.24045114133043,-2.34069436669315,-2.40061560834926,-2.16569770618155,-1.34339757018211,-1.01470599924467,-2.14156505053285,-2.0357746091375,-1.41650108647775,-1.44494336605448,-1.57358931466732,-1.27254467899343,-0.300481809809059,0.0677707667796491,-1.34711058199176,-1.23513421592014
1982,-1.82956261740126,-1.96389306595617,-2.00876264640032,-1.42925517094065,-0.741454141977837,-0.483053944010902,-1.80683399344304,-1.62302306482197,-2.25399399972366,-2.41293844536622,-2.43608125647685,-1.87334937245182,-1.23150115332054,-1.0136844826843,-2.21434775530326,-2.03306545715974,-1.41125848345933,-1.49907731636284,-1.58482709374434,-0.954644626711954,-0.188804905414016,0.112973242357497,-1.3957854015928,-1.20425053704545
1983,-1.87882821324358,-2.03039021425734,-2.20553207683469,-1.39215799195437,-1.12569126931931,-0.888477419740712,-1.83522271322342,-1.68605935601264,-2.31897450836464,-2.49691146584437,-2.63843145722117,-1.8501779594794,-1.62439647221946,-1.42701370066626,-2.24166104521764,-2.09297642539421,-1.43392530539489,-1.55862899208019,-1.78105778674896,-0.899604938167745,-0.569727344355919,-0.303402069455914,-1.42173444179429,-1.25773200463455
1984,-1.75149909164123,-2.13475238120907,-1.77798417220414,-1.1577433455783,-0.892087509844224,-0.724563127075317,-1.69325982752288,-1.63413638918371,-2.15041463789181,-2.56881094781615,-2.17783685302098,-1.5833445959847,-1.37161769902956,-1.2411915904559,-2.09209192727941,-2.02568186776993,-1.34497823807182,-1.70531143520355,-1.36322812658013,-0.700362090085535,-0.360352175248224,-0.1642194584657,-1.30504939830755,-1.23046800220997
1985,-1.65596913983463,-2.14254657871816,-1.53974334623727,-1.09305489196228,-0.892332702689353,-0.744890573818829,-1.63043721843498,-1.62274851771353,-2.06436556785437,-2.59080155143277,-1.96493445861304,-1.52150701267192,-1.39868284409462,-1.2962985783572,-2.03267206234298,-2.01392888652462,-1.2424434368524,-1.68373562930072,-1.09581152358309,-0.616569691788044,-0.32908037178913,-0.140081606269636,-1.22534546658044,-1.21819597662238
1986,-1.64786492362017,-2.12113404727471,-1.52344843835369,-1.33499369692849,-0.948319190189081,-0.824975787035032,-1.63629836272432,-1.66360257135167,-2.05317573995033,-2.57481679461017,-1.94611287249304,-1.77688706029003,-1.45476730167529,-1.36252778859915,-2.03877424434304,-2.06571568418467,-1.22193343294385,-1.65155219274124,-1.08991565225902,-0.874153344591085,-0.396140667300949,-0.212051718572309,-1.24075682564656,-1.26706075364243
1987,-1.69481119829932,-2.20017330253231,-1.39011389392741,-1.37247923765457,-0.631797580634127,-0.414409317963936,-1.63790432870287,-1.59675026238373,-2.09784276327468,-2.65103744758554,-1.83149322958629,-1.81542179603946,-1.13780253483898,-0.930804690292728,-2.03247292914192,-2.00150124752967,-1.26626580549309,-1.7430069183237,-0.916823593758954,-0.90836248761464,-0.0915374522423274,0.161568136460173,-1.22274073492286,-1.18907581501688
1988,-1.94633446035138,-2.35125153608019,-1.63529268944004,-1.60422778653603,-0.902212155046473,-0.755955160669568,-1.74787662456233,-1.78743969695396,-2.33856512601655,-2.78501444036899,-2.04376825566907,-2.02895657911706,-1.39278940980234,-1.26327751742973,-2.13048103481029,-2.17377091163085,-1.53534502691098,-1.92008347206275,-1.21475167529829,-1.17341328083328,-0.375337380534011,-0.195767707844809,-1.35531929346226,-1.39590891257518
1989,-2.2153600314943,-2.39480417837312,-1.80140235979462,-1.77760319022308,-1.03836392930873,-0.878020567218111,-1.98001450367827,-1.95200180384318,-2.60708446536656,-2.80993626441841,-2.19401395945305,-2.21411012585146,-1.51695742166492,-1.37031302249429,-2.36302477826842,-2.32644055844968,-1.82062786913185,-1.96173653128357,-1.3879719554107,-1.34959216869515,-0.524457017906631,-0.344127703623189,-1.60657853025999,-1.57443211597863
1990,-2.32260237050101,-2.37566086539102,-1.92142897290785,-1.97493310544627,-1.36555823403606,-1.25055818824724,-2.05375483934885,-2.01890905024932,-2.72641418223349,-2.82816136215824,-2.32775909359576,-2.42374235024621,-1.83925493438599,-1.72238284189845,-2.43426235227271,-2.38883688226684,-1.92437886191169,-1.93085934133783,-1.50337046640989,-1.5533754836491,-0.868049079183212,-0.750326474216049,-1.66624793540709,-1.63505625043951
1991,-2.31434330226963,-2.24530653171648,-1.86278323552176,-1.80577674277253,-1.02665189293093,-0.867639856038247,-2.0162721815638,-2.0209353843154,-2.71777604739697,-2.67095457665809,-2.25617383049907,-2.24963347936583,-1.50295312156595,-1.33978194865366,-2.3951279277384,-2.40843637953077,-1.91900144186022,-1.80820566920856,-1.45913365461343,-1.37150218961273,-0.524135328190021,-0.349288902708949,-1.63006738706973,-1.63567505595952
1992,-2.28569046413496,-2.22582982502878,-1.92972892344332,-1.65952613408436,-0.965378369728651,-0.978698398999593,-2.08909205485467,-2.08831302203048,-2.67995054529993,-2.6709564336486,-2.35814860088713,-2.09394250305649,-1.45237014289202,-1.46794048453335,-2.47039264992441,-2.47446698245501,-1.87987213780733,-1.78417578831597,-1.50727541794311,-1.2125596646768,-0.450517447318141,-0.435136085255559,-1.70040977252945,-1.69740860684536
1993,-2.23326832916319,-2.31725428571699,-2.08339563302458,-1.56130373341584,-1.1365336471432,-1.22304912255627,-2.09423382661458,-2.13685381877185,-2.62589227768044,-2.75135518567671,-2.48855860517586,-1.98729335775108,-1.57674121205927,-1.66105596264976,-2.46278975705878,-2.51100095121158,-1.83033731840892,-1.88174431046487,-1.67809269117912,-1.12900936035313,-0.672758064261506,-0.747925154455925,-1.71663254760955,-1.75453599904972
1994,-2.14414247139551,-2.33741739338538,-1.82296244466173,-1.53625337517073,-1.15596442931127,-1.29940774983104,-2.03497238776768,-2.14693074462182,-2.52499429964479,-2.7471058738903,-2.21570767284689,-1.93017195128002,-1.57440711727166,-1.72164263096103,-2.4036647745749,-2.50744616852201,-1.75388696257762,-1.91265415589703,-1.41609729476548,-1.13331484844474,-0.707846998387961,-0.8650050858414,-1.67055845663871,-1.77283566520148
1995,-2.27923184116439,-2.50067643228866,-1.93437261079263,-1.49696407023042,-1.4861676536776,-1.77431971543874,-2.14988816243049,-2.23452810461689,-2.68379016507786,-2.94978737923182,-2.34790303722266,-1.92971256899577,-1.92327352478393,-2.21889855937346,-2.53419609874195,-2.62492214554341,-1.87131626710993,-2.05643109276578,-1.5082046059247,-1.05087148318571,-1.03342638968983,-1.32262333802289,-1.76024503038202,-1.84707438089745
1996,-2.4334989925948,-2.51209992253061,-2.13090012491514,-1.66335030804055,-1.60331881066285,-1.85476004963943,-2.28848544241372,-2.2985042663303,-2.85015963283294,-2.97823835563352,-2.55147399923803,-2.10187341096038,-2.03824128590937,-2.28121982345072,-2.6828970463752,-2.69739284302793,-2.02250489222048,-2.05357725415128,-1.71470633084504,-1.21185271431393,-1.14271873890162,-1.40950643796868,-1.88444673156439,-1.89516328884027
1997,-2.29275467733294,-2.20660118435115,-1.82245451368849,-1.52209381135946,-1.04542794533653,-1.17348575834187,-2.20944234444631,-2.2062775388215,-2.71691588920322,-2.6606272192594,-2.24531539685737,-1.96713605407103,-1.50238286032857,-1.64600195856936,-2.60388542581285,-2.59907550803022,-1.86697696208175,-1.73676834782714,-1.37093270406274,-1.06323378093717,-0.544404971032763,-0.660531466703986,-1.81402117294186,-1.81134181805073
1998,-2.3908126905729,-2.22085792317877,-2.15345031711,-1.48634371512399,-1.66244283062356,-1.77144277157929,-2.35223767747094,-2.24620376425364,-2.7818138291574,-2.64731138649797,-2.5440386004723,-1.90652010509832,-2.08944367243323,-2.19856550511557,-2.72841744298879,-2.61816786543799,-1.99146666156839,-1.79675517757776,-1.75496688371413,-1.06310555169795,-1.21711144904387,-1.34453691280483,-1.98270006347931,-1.87072311737296
1999,-2.15467999576752,-1.90792632317704,-2.0064532190484,-1.43003298658623,-1.65825223638927,-1.57644863013264,-2.19346092462852,-2.02918282503726,-2.54697662717678,-2.31944769317692,-2.41435150893244,-1.84836390783742,-2.06486056669522,-1.99839667422222,-2.5783877017254,-2.40713435181878,-1.75541098018052,-1.48281892089627,-1.58964224811507,-0.988739540080094,-1.22398099548699,-1.13528411637737,-1.81448191751715,-1.65013730104278
2000,-2.21243964593827,-1.94342401242131,-2.13969155263827,-1.52979230869439,-2.04537087417174,-2.08027683927918,-2.24062856182075,-2.01669010141648,-2.6349798660663,-2.41014925206888,-2.59016597964491,-1.97963166875672,-2.46587980855279,-2.52854746678638,-2.64610470497195,-2.41818328611126,-1.78161291549533,-1.45858223405977,-1.71201412492127,-1.07997318891279,-1.61000904310178,-1.6249249145301,-1.83813421799184,-1.61875585854346
2001,-2.06433493315934,-1.70893790162768,-1.73183378439913,-1.66129042379841,-2.21799926012488,-1.61492391718896,-2.09758374306,-1.92284589704787,-2.47922802736134,-2.14724056263413,-2.15865882732344,-2.08961597508757,-2.67930607310369,-2.07030171278971,-2.505852934182,-2.30448853815884,-1.64458775880827,-1.23829345636095,-1.30221098369467,-1.22351829886145,-1.775153424284,-1.14831466477826,-1.71282425380205,-1.53063769230005
2002,-2.17059968484673,-1.6559415991074,-1.7936364130761,-1.89071496155149,-2.04427694429457,-1.50269633299445,-2.08614511052079,-1.86383899022561,-2.58791331035449,-2.08629903109478,-2.22056108426256,-2.30513571103196,-2.43493789021784,-1.93552997701052,-2.47645048155822,-2.23737258094844,-1.75204828658285,-1.19462181299751,-1.35471688129459,-1.46186120066571,-1.63166109833232,-1.0557615862696,-1.68517238116084,-1.46981724353043
2003,-2.16474204513394,-1.83435110169234,-1.45323892800837,-2.09643323869203,-1.75971738542207,-1.5683272246582,-2.02587150775393,-1.8008772615354,-2.57500128659734,-2.25188806489897,-1.86711211132749,-2.50024889749639,-2.1732913900197,-1.98908334862503,-2.40367028334645,-2.1817529946049,-1.75595275375829,-1.39195716052972,-1.00837737523651,-1.6941742896034,-1.33775635787873,-1.12223874527112,-1.63510758607238,-1.40509119607341
2004,-2.20675881719555,-1.95458927969494,-1.39063092563998,-2.23172976891978,-1.73951071178335,-1.57264180863404,-1.99697462024128,-1.75711000015516,-2.60294160459099,-2.36763032837177,-1.80610891975525,-2.62647674316931,-2.14227927163197,-1.96990318343234,-2.37434512926055,-2.13917293769367,-1.79542619352625,-1.51393358815952,-0.950674933530292,-1.84047331868843,-1.32966917192368,-1.13921150681466,-1.61056034249862,-1.36775363672995
2005,-2.26316379849751,-2.13961246576008,-1.38964826014904,-2.3672083505238,-1.77024348808982,-1.89654776795002,-2.06277730428378,-1.80341710299723,-2.67021494158838,-2.56192850821737,-1.79754061546901,-2.76586135429885,-2.17360054645417,-2.32607163905128,-2.44217277242853,-2.18377734380191,-1.86317281592384,-1.7060220387331,-0.949552400768564,-1.97956144685775,-1.36108166611878,-1.45899431109855,-1.67801305708284,-1.41149162758618
2006,-2.32081257669252,-2.21685347469852,-1.4010087908407,-2.46984290173177,-1.74943901683362,-1.68971300576549,-2.05206166809586,-1.76697987056406,-2.72989353079853,-2.65377630852297,-1.82657914254291,-2.886594124904,-2.14229474214446,-2.09807467303164,-2.44067273109565,-2.15814938998099,-1.90347647382605,-1.77247344825619,-0.95126598081897,-2.05084461921044,-1.32586684034629,-1.26557443455525,-1.66729610258518,-1.3651812440289
2007,-2.32167045928565,-2.3161607631809,-1.40043755637328,-2.40027718194211,-2.07133868923828,-2.11103423897105,-2.12017728669012,-1.8635315070164,-2.73830496333338,-2.7702678452652,-1.82598513456208,-2.82147967554607,-2.48011942352058,-2.5454252906381,-2.50861610314683,-2.24935079053514,-1.91058269188451,-1.87157644583615,-0.941029120826797,-1.9782399018815,-1.64490154251667,-1.68150094036151,-1.73006598477728,-1.46415853939172
2008,-2.45297506102446,-2.46050473119202,-1.55194347185359,-2.33160283362176,-2.26730105585847,-2.38694563665177,-2.27005972664016,-2.03294527674692,-2.86308229434523,-2.91534198782625,-1.9646108634002,-2.73946845556619,-2.64835005592776,-2.79926167879709,-2.64066510472015,-2.41161165479344,-2.05815039852435,-2.03706460444388,-1.11354336878955,-1.93220894359747,-1.87524840959857,-1.97956756601095,-1.89293652087822,-1.64568859132312
2009,-2.14758318684646,-2.12940626531794,-1.49620126454879,-2.12967272705199,-2.42934964022225,-2.34823872585976,-2.04500033180739,-1.8808939529735,-2.57852647385731,-2.60079205728534,-1.93240135565819,-2.56976168493366,-2.81739035967126,-2.76598888206713,-2.43803949135339,-2.27805451677433,-1.69945263925982,-1.65213662431762,-1.03481133202375,-1.69032033650785,-2.02705193412186,-1.91655023539185,-1.64063379400299,-1.45959596562705
2010,-2.28260497394769,-2.07786211158834,-1.75507205214438,-2.19717602534711,-2.50385628401108,-2.37006114565521,-2.31987792966538,-2.06687794272919,-2.69137862258374,-2.51322428286701,-2.16246176625701,-2.61370473033708,-2.91499657476333,-2.8160650786617,-2.68734216613968,-2.45257340756298,-1.87719102925121,-1.64109947676996,-1.3300662788165,-1.76868588769694,-2.09540934630884,-1.94371554611755,-1.93775850044398,-1.67320560714585
2011,-2.43105985048749,-2.00584629024769,-2.02004554422828,-2.15183159283991,-2.50835207334737,-2.12080449530036,-2.44053889997273,-2.19418237250484,-2.84370409246164,-2.44427229092527,-2.43795776355612,-2.58985903890246,-2.91539069342722,-2.58283117747546,-2.81443741572059,-2.58748005151314,-2.00796395394394,-1.55121128888908,-1.59798516851187,-1.71351719029048,-2.12082388257083,-1.65811439653973,-2.05255792948149,-1.79577766007979
2012,-2.48257813391357,-2.01675487626277,-1.93682131563182,-2.30604128109263,-2.13054549379165,-2.00263932137852,-2.55549752294866,-2.36144903814914,-2.88474414201574,-2.44666712867799,-2.33666116147721,-2.72474970195953,-2.51041913509744,-2.45011741601625,-2.91755530687553,-2.74597417487744,-2.08059605492372,-1.56817434909485,-1.51247827137293,-1.88606933611268,-1.75100825344467,-1.52793507557284,-2.18215200798733,-1.97884857918273
2013,-2.57146752633757,-2.07286822762237,-2.51280768910465,-2.43520133894953,-2.47209077951881,-2.36892407495327,-2.70518843777901,-2.50186022202811,-3.00124455253239,-2.51511994247856,-2.91936666783281,-2.87076036199431,-2.87379075354839,-2.8373627323834,-3.08185647371442,-2.89348161399724,-2.14006784086924,-1.61387754035738,-2.11183465301376,-2.00237205676201,-2.05869309048487,-1.90778993731066,-2.32374667167493,-2.11792555532921
2014,-2.52910297452641,-2.17784593697961,-2.09389304513677,-2.34682924935839,-2.1706675462001,-2.3836131749575,-2.65237687177227,-2.52282457438359,-2.95117722603922,-2.61855838060265,-2.50088438445991,-2.77686223798184,-2.54783383817847,-2.84819942819878,-3.03395803101092,-2.91942356774417,-2.10699429471939,-1.74157171482708,-1.65958874619697,-1.91782746155817,-1.7659895461537,-1.9138552240649,-2.26748605149801,-2.13472010707146
2015,-2.59874349847982,-2.26726549573652,-2.24860385223247,-2.49463221810851,-1.7766742175902,-2.41597762887398,-2.74193804763157,-2.54037245837216,-3.02718820736458,-2.71079560580633,-2.65483934946327,-2.93367057579741,-2.17618813931082,-2.89393915657293,-3.12480077917516,-2.92803001037537,-2.17705082613783,-1.81770772964648,-1.83165436675727,-2.05033571810947,-1.33204884973882,-1.92862325996582,-2.36018965973261,-2.15704614454555
2016,-2.52358110039125,-2.18315399830094,-2.02524412890006,-2.46185385867949,-1.97232325905041,-2.41199943006284,-2.70825159030992,-2.55070986065796,-2.93494321938548,-2.62425002422104,-2.41581357448462,-2.88920536161253,-2.38432793530716,-2.87320068335687,-3.08898867706847,-2.92930271319672,-2.1097219999009,-1.7362032589585,-1.60213042675555,-2.02942000404684,-1.56193524057617,-1.92039208336016,-2.3353045780209,-2.16978925111155
2017,-2.54693767536557,-2.1528863030323,-2.27194479661108,-2.38818654074244,-2.01209599791521,-2.54802691073347,-2.61248388227694,-2.48781037821339,-2.94508435529935,-2.58854862116713,-2.68612442919006,-2.79698382402077,-2.39501467949851,-3.01066298065011,-2.98708016789157,-2.86266446557895,-2.13406714111002,-1.7026564125569,-1.85763385841153,-1.97165628694491,-1.61531969327071,-2.06725293223671,-2.23946663616772,-2.11533236789883
2018,-2.54005259384533,-2.20837955087565,-2.23668088763465,-2.42834442169092,-2.6556543344722,-3.05744139886899,-2.5211503368717,-2.3865931519828,-2.97109096079801,-2.64481994840389,-2.63546732202202,-2.86365535950029,-3.0710770299612,-3.5483263518666,-2.90808681058215,-2.76831841751384,-2.10871863837596,-1.75123916492185,-1.82247858023251,-1.98691021989617,-2.26007688623866,-2.57241396052058,-2.12198867336663,-1.99161625215068
2019,-2.71000112994169,-2.42502650802777,-2.40082227390323,-2.37397438276729,-2.13783034050515,-3.3409061349565,-2.62759434110877,-2.47514350023013,-3.13784406098642,-2.8734634489347,-2.83114439714587,-2.812959536654,-2.52239597675519,-3.8333655610597,-3.0172260432701,-2.87151273732072,-2.28662157893767,-1.9890255901076,-1.98383268754978,-1.92912267291126,-1.74380370191354,-2.86228251642296,-2.22615153992079,-2.0760201940211
2020,-2.68021376596524,-2.49947375145489,-2.38965887575954,-2.36659374740347,-2.43359920386199,-3.51915237895448,-2.59703528476248,-2.42839492560351,-3.13367971681228,-2.99639129919363,-2.82653518910752,-2.83842609810146,-2.85556816711467,-4.04006202807203,-3.0156883291199,-2.8492089763256,-2.22323975334697,-2.02769457241946,-1.96243040479641,-1.89373542661449,-1.98011924557968,-3.00958329789577,-2.15756375612122,-1.99663818887777
2021,-2.69492486636992,-2.64531325586359,-2.35153361885624,-2.47289114988091,-2.73783324908335,-3.6690357639793,-2.58354595120769,-2.4489049158488,-3.19756947601881,-3.18098585725957,-2.83288199987025,-2.9864853621337,-3.15984170095225,-4.22757610466796,-3.0317138477536,-2.89517186899514,-2.18853739644693,-2.10726595285162,-1.89457480572825,-1.9603064381341,-2.32177680563155,-3.11752918159962,-2.12000032041603,-1.97695366145794
